topic_id,topic,stance,question_query,keyword_query
1,Is obesity a disease?,pro,why obesity is a disease,obesity is a disease
1,Is obesity a disease?,pro,what makes obesity a disease,obesity disease reasons
1,Is obesity a disease?,pro,why recognizing obesity as a disease helps,obesity disease advantages
1,Is obesity a disease?,pro,should obesity be considered a disease,consider obesity disease
1,Is obesity a disease?,pro,what evidence supports obesity as a disease,obesity disease evidence
1,Is obesity a disease?,pro,why labeling obesity a disease matters,obesity disease importance
1,Is obesity a disease?,pro,how treating obesity as a disease helps people,obesity disease support
1,Is obesity a disease?,pro,what evidence shows obesity is a disease,obesity disease evidence
1,Is obesity a disease?,pro,why is obesity considered a disease,obesity disease reasons
1,Is obesity a disease?,pro,what supports calling obesity a disease,obesity disease support
1,Is obesity a disease?,pro,why classify obesity as a disease,obesity disease classification
1,Is obesity a disease?,pro,how is obesity a medical disease,obesity medical disease
1,Is obesity a disease?,pro,what is the consensus that obesity is a disease,obesity disease consensus
1,Is obesity a disease?,pro,what arguments say obesity is a disease,obesity disease arguments
1,Is obesity a disease?,pro,why recognize obesity as a disease,obesity disease recognition
1,Is obesity a disease?,pro,why should obesity have disease status,obesity disease status
1,Is obesity a disease?,neutral,what defines obesity as a disease,obesity disease definition
1,Is obesity a disease?,neutral,what is the debate on obesity as a disease,obesity disease debate
1,Is obesity a disease?,neutral,how experts view obesity as a disease,obesity disease expert views
1,Is obesity a disease?,neutral,what does research say about obesity as a disease,obesity disease research
1,Is obesity a disease?,neutral,what is public opinion on obesity as a disease,obesity disease public opinion
1,Is obesity a disease?,neutral,what is the definition of obesity as a disease,obesity disease definition
1,Is obesity a disease?,neutral,what is the debate on whether obesity is a disease,obesity disease debate
1,Is obesity a disease?,neutral,what is the disease status of obesity,obesity disease status
1,Is obesity a disease?,neutral,how is obesity classified as a disease,obesity disease classification
1,Is obesity a disease?,neutral,what are the arguments on obesity as a disease,obesity disease arguments
1,Is obesity a disease?,neutral,what are the criteria for calling obesity a disease,obesity disease criteria
1,Is obesity a disease?,neutral,what are the pros and cons of labeling obesity a disease,obesity disease pros cons
1,Is obesity a disease?,neutral,what are the viewpoints on obesity as a disease,obesity disease viewpoints
1,Is obesity a disease?,neutral,what is the discussion about obesity as a disease,obesity disease discussion
1,Is obesity a disease?,neutral,what evidence supports or challenges obesity being a disease,obesity disease evidence
1,Is obesity a disease?,con,why obesity is not a disease,obesity not a disease
1,Is obesity a disease?,con,what arguments say obesity isn't a disease,obesity not a disease arguments
1,Is obesity a disease?,con,should we stop calling obesity a disease,stop calling obesity disease
1,Is obesity a disease?,con,why obesity shouldn't be labeled a disease,obesity disease label criticism
1,Is obesity a disease?,con,is obesity just a condition not a disease,obesity condition not disease
1,Is obesity a disease?,con,what are reasons obesity shouldn't be medicalized,obesity not medicalized reasons
1,Is obesity a disease?,con,why obesity doesn't qualify as a disease,obesity not qualifying disease
1,Is obesity a disease?,con,is obesity simply weight gain not a disease,obesity weight gain not disease
1,Is obesity a disease?,con,what opinions oppose calling obesity a disease,opinions opposing obesity disease
1,Is obesity a disease?,con,why is obesity not a disease,obesity not disease
1,Is obesity a disease?,con,why is obesity not considered a medical condition,obesity not medical condition
1,Is obesity a disease?,con,is obesity being overdiagnosed as a disease,obesity overdiagnosis
1,Is obesity a disease?,con,why is there debate about classifying obesity as a disease,obesity classification debate
2,Is cell phone radiation safe?,pro,why cell phone radiation is safe,cell phone radiation safe
2,Is cell phone radiation safe?,pro,is cell phone radiation safe to use,cell phone radiation safety
2,Is cell phone radiation safe?,pro,how cell phone radiation is harmless,cell phone radiation harmless
2,Is cell phone radiation safe?,pro,why we say cell phone radiation is safe,cell phone radiation safe claims
2,Is cell phone radiation safe?,pro,what supports that cell phone radiation is safe,cell phone radiation safety support
2,Is cell phone radiation safe?,pro,are there benefits of cell phone radiation safety,cell phone radiation safety benefits
2,Is cell phone radiation safe?,pro,what evidence shows cell phone radiation is safe,cell phone radiation safety evidence
2,Is cell phone radiation safe?,pro,why worry less about cell phone radiation,less worry cell phone radiation
2,Is cell phone radiation safe?,pro,how cell phone radiation stays within safe limits,cell phone radiation safe limits
2,Is cell phone radiation safe?,pro,why experts say cell phone radiation is safe,cell phone radiation expert support
2,Is cell phone radiation safe?,pro,why is cell phone radiation safe,cell phone radiation safety
2,Is cell phone radiation safe?,pro,is cell phone radiation safe,cell phone radiation safe
2,Is cell phone radiation safe?,pro,what are the benefits of cell phone radiation being safe,cell phone radiation benefits
2,Is cell phone radiation safe?,pro,why is cell phone radiation harmless,cell phone radiation harmless
2,Is cell phone radiation safe?,pro,what evidence shows cell phone radiation is safe,safe cell phone radiation evidence
2,Is cell phone radiation safe?,pro,why does cell phone radiation cause no harm,cell phone radiation no harm
2,Is cell phone radiation safe?,pro,are cell phone radiation levels acceptable,cell phone radiation acceptable levels
2,Is cell phone radiation safe?,pro,what supports cell phone radiation safety,support cell phone radiation safety
2,Is cell phone radiation safe?,pro,why is cell phone radiation low risk,cell phone radiation low risk
2,Is cell phone radiation safe?,pro,why is cell phone radiation considered okay,cell phone radiation okay
2,Is cell phone radiation safe?,neutral,what do we know about cell phone radiation safety,cell phone radiation knowledge safety
2,Is cell phone radiation safe?,neutral,what is the debate on cell phone radiation safety,cell phone radiation safety debate
2,Is cell phone radiation safe?,neutral,what are opinions on cell phone radiation safety,cell phone radiation safety opinions
2,Is cell phone radiation safe?,neutral,what evidence exists about cell phone radiation safety,cell phone radiation safety evidence
2,Is cell phone radiation safe?,neutral,what are pros and cons of cell phone radiation safety claims,cell phone radiation safety pros cons
2,Is cell phone radiation safe?,neutral,what are the effects of cell phone radiation,cell phone radiation effects
2,Is cell phone radiation safe?,neutral,what does cell phone radiation exposure do,cell phone radiation exposure
2,Is cell phone radiation safe?,neutral,what evidence exists on cell phone radiation safety,cell phone radiation safety evidence
2,Is cell phone radiation safe?,con,why cell phone radiation isn't safe,cell phone radiation unsafe
2,Is cell phone radiation safe?,con,how cell phone radiation can harm you,cell phone radiation harm
2,Is cell phone radiation safe?,con,what risks come from cell phone radiation,cell phone radiation risks
2,Is cell phone radiation safe?,con,why we should worry about cell phone radiation,cell phone radiation concerns
2,Is cell phone radiation safe?,con,is cell phone radiation dangerous,cell phone radiation danger
2,Is cell phone radiation safe?,con,what are negative effects of cell phone radiation,cell phone radiation negative effects
2,Is cell phone radiation safe?,con,what problems are linked to cell phone radiation,cell phone radiation problems
2,Is cell phone radiation safe?,con,what are cell phone radiation cons,cell phone radiation cons
2,Is cell phone radiation safe?,con,what are the dangers of cell phone radiation,cell phone radiation dangers
2,Is cell phone radiation safe?,con,how is cell phone radiation harmful,cell phone radiation harmful
2,Is cell phone radiation safe?,con,what risks come from cell phone radiation,cell phone radiation risks
2,Is cell phone radiation safe?,con,why is cell phone radiation unsafe,cell phone radiation unsafe
2,Is cell phone radiation safe?,con,what negative effects does cell phone radiation have,cell phone radiation negative effects
2,Is cell phone radiation safe?,con,what problems come from cell phone radiation,cell phone radiation problems
2,Is cell phone radiation safe?,con,why do people doubt cell phone radiation safety,cell phone radiation doubts
2,Is cell phone radiation safe?,con,what concerns exist about cell phone radiation,cell phone radiation concerns
2,Is cell phone radiation safe?,con,what side effects does cell phone radiation cause,cell phone radiation side effects
2,Is cell phone radiation safe?,con,why should we avoid cell phone radiation,avoid cell phone radiation
3,Should bottled water be banned?,pro,why banning bottled water makes sense,banning bottled water sense
3,Should bottled water be banned?,pro,what are benefits of banning bottled water,banning bottled water benefits
3,Should bottled water be banned?,pro,why should we ban bottled water,ban bottled water reasons
3,Should bottled water be banned?,pro,what are bottled water ban advantages,bottled water ban advantages
3,Should bottled water be banned?,pro,how does banning bottled water help,banning bottled water help
3,Should bottled water be banned?,pro,what positive effects come from banning bottled water,bottled water ban positive effects
3,Should bottled water be banned?,pro,why supporting a bottled water ban is good,support bottled water ban good
3,Should bottled water be banned?,pro,what arguments support banning bottled water,arguments supporting bottled water ban
3,Should bottled water be banned?,pro,how would a bottled water ban improve things,bottled water ban improvements
3,Should bottled water be banned?,pro,what are pros of a bottled water ban,bottled water ban pros
3,Should bottled water be banned?,pro,what are the benefits of banning bottled water,ban bottled water benefits
3,Should bottled water be banned?,pro,what are the pros of a bottled water ban,bottled water ban pros
3,Should bottled water be banned?,pro,why should we support a bottled water ban,support bottled water ban
3,Should bottled water be banned?,pro,what are the advantages of a bottled water ban,bottled water ban advantages
3,Should bottled water be banned?,pro,what are the positive effects of banning bottled water,bottled water ban positive effects
3,Should bottled water be banned?,pro,what are the reasons to ban bottled water,ban bottled water reasons
3,Should bottled water be banned?,pro,why is banning bottled water a good idea,bottled water ban good idea
3,Should bottled water be banned?,pro,what opinions support a bottled water ban,bottled water ban support opinions
3,Should bottled water be banned?,neutral,should bottled water be banned or not,bottled water ban choice
3,Should bottled water be banned?,neutral,what are arguments for and against banning bottled water,bottled water ban arguments
3,Should bottled water be banned?,neutral,what are pros and cons of bottled water bans,bottled water ban pros cons
3,Should bottled water be banned?,neutral,what is the debate about banning bottled water,bottled water ban debate
3,Should bottled water be banned?,neutral,what are effects of banning bottled water,bottled water ban effects
3,Should bottled water be banned?,neutral,why do people support or oppose banning bottled water,bottled water ban support opposition
3,Should bottled water be banned?,neutral,what happens if bottled water is banned,bottled water ban outcomes
3,Should bottled water be banned?,neutral,what are opinions on banning bottled water,bottled water ban opinions
3,Should bottled water be banned?,neutral,what is the debate about a bottled water ban,bottled water ban debate
3,Should bottled water be banned?,neutral,should bottled water be banned or not,bottled water ban choice
3,Should bottled water be banned?,neutral,what are the pros and cons of banning bottled water,bottled water ban pros cons
3,Should bottled water be banned?,neutral,what are the effects of a bottled water ban,bottled water ban effects
3,Should bottled water be banned?,neutral,what are opinions on banning bottled water,bottled water ban opinions
3,Should bottled water be banned?,neutral,what are the arguments about banning bottled water,bottled water ban arguments
3,Should bottled water be banned?,neutral,what are the impacts of banning bottled water,bottled water ban impacts
3,Should bottled water be banned?,neutral,what is the discussion about banning bottled water,bottled water ban discussion
3,Should bottled water be banned?,con,why bottled water shouldn't be banned,bottled water not banned
3,Should bottled water be banned?,con,why banning bottled water is bad,ban bottled water bad
3,Should bottled water be banned?,con,should bottled water stay legal,keep bottled water legal
3,Should bottled water be banned?,con,what are benefits of bottled water,bottled water benefits
3,Should bottled water be banned?,con,why people still need bottled water,need for bottled water
3,Should bottled water be banned?,con,what are disadvantages of banning bottled water,banning bottled water disadvantages
3,Should bottled water be banned?,con,what problems come from banning bottled water,ban bottled water problems
3,Should bottled water be banned?,con,why bottled water is still useful,bottled water usefulness
3,Should bottled water be banned?,con,what are bottled water pros,bottled water pros
4,Should zoos exist?,pro,why zoos should exist,zoos should exist
4,Should zoos exist?,pro,why zoos are good,zoos good
4,Should zoos exist?,pro,what are zoos benefits,zoos benefits
4,Should zoos exist?,pro,what are zoos advantages,zoos advantages
4,Should zoos exist?,pro,why we need zoos,need zoos
4,Should zoos exist?,pro,what positive effects zoos have,zoos positive effects
4,Should zoos exist?,pro,what arguments support zoos,arguments supporting zoos
4,Should zoos exist?,pro,why zoos are important,zoos important
4,Should zoos exist?,pro,what are zoos benefits,zoos benefits
4,Should zoos exist?,pro,what are zoos advantages,zoos advantages
4,Should zoos exist?,pro,what are positive effects of zoos,zoos positive effects
4,Should zoos exist?,pro,why are zoos good,zoos good reasons
4,Should zoos exist?,pro,why should we support zoos,support zoos
4,Should zoos exist?,pro,what is the value of zoos,zoos value
4,Should zoos exist?,pro,why are zoos important,zoos importance
4,Should zoos exist?,pro,what are zoos pros,zoos pros
4,Should zoos exist?,neutral,why people support or oppose zoos,people support oppose zoos
4,Should zoos exist?,neutral,should zoos exist or not,zoos existence choice
4,Should zoos exist?,neutral,what are pros and cons of zoos,zoos pros cons
4,Should zoos exist?,neutral,what is the debate about whether zoos should exist,zoos existence debate
4,Should zoos exist?,neutral,what are opinions on zoos,zoos opinions
4,Should zoos exist?,neutral,what is the discussion about zoos existing,zoos existence discussion
4,Should zoos exist?,neutral,what is the debate on whether zoos should exist,zoos exist debate
4,Should zoos exist?,neutral,should zoos exist or not,zoos existence choice
4,Should zoos exist?,neutral,what is the purpose or value of zoos,zoos purpose value
4,Should zoos exist?,neutral,what are the pros and cons of zoos,zoos pros cons
4,Should zoos exist?,neutral,what are the benefits and harms of zoos,zoos benefits harms
4,Should zoos exist?,neutral,what are public opinions on zoos,zoos public opinions
4,Should zoos exist?,con,why zoos shouldn't exist,zoos shouldn't exist
4,Should zoos exist?,con,why zoos are bad,zoos bad
4,Should zoos exist?,con,should we get rid of zoos,get rid of zoos
4,Should zoos exist?,con,what are arguments against zoos,arguments against zoos
4,Should zoos exist?,con,what are zoos cons,zoos cons
4,Should zoos exist?,con,what are disadvantages of zoos,zoos disadvantages
4,Should zoos exist?,con,what problems do zoos cause,zoos problems
4,Should zoos exist?,con,why zoos don't work,zoos fail
4,Should zoos exist?,con,should we ban zoos,ban zoos
4,Should zoos exist?,con,what are negative effects of zoos,zoos negative effects
4,Should zoos exist?,con,what are disadvantages of zoos,zoos disadvantages
4,Should zoos exist?,con,what are zoos cons,zoos cons
4,Should zoos exist?,con,what opinions oppose zoos,opinions opposing zoos
4,Should zoos exist?,con,why are zoos unnecessary,zoos unnecessary
5,Are social networking sites good for our society?,pro,why social networking sites are good for society,social networking sites good for society
5,Are social networking sites good for our society?,pro,how social networking sites help society,social networking sites help society
5,Are social networking sites good for our society?,pro,are social networking sites beneficial for our society,social networking sites benefits society
5,Are social networking sites good for our society?,pro,what are positives of social networking sites for society,social networking sites positives society
5,Are social networking sites good for our society?,pro,why society benefits from social networking sites,society benefits social networking sites
5,Are social networking sites good for our society?,pro,what advantages do social networking sites give society,social networking sites advantages society
5,Are social networking sites good for our society?,pro,how social networking sites improve society,social networking sites improve society
5,Are social networking sites good for our society?,pro,why social networking sites support our society,social networking sites support society
5,Are social networking sites good for our society?,pro,what are social benefits of social networking sites,social networking sites social benefits
5,Are social networking sites good for our society?,pro,how social networking sites make society better,social networking sites make society better
5,Are social networking sites good for our society?,pro,why are social networking sites good,social networking sites good
5,Are social networking sites good for our society?,pro,what are the benefits of social networking sites,social networking sites benefits
5,Are social networking sites good for our society?,pro,what are the advantages of social networking sites,social networking sites advantages
5,Are social networking sites good for our society?,pro,how do social networking sites help society,social networking sites help society
5,Are social networking sites good for our society?,pro,what is the positive impact of social networking sites,social networking sites positive impact
5,Are social networking sites good for our society?,pro,what are the positive effects of social networking sites,social networking sites positive effects
5,Are social networking sites good for our society?,pro,how do social networking sites improve society,social networking sites improve society
5,Are social networking sites good for our society?,pro,what is the value of social networking sites for society,social networking sites value
5,Are social networking sites good for our society?,pro,why are social networking sites good for society,social networking sites good for society
5,Are social networking sites good for our society?,neutral,why people say social networking sites help or harm society,social networking sites help harm society
5,Are social networking sites good for our society?,neutral,what are pros and cons of social networking sites for society,social networking sites pros cons society
5,Are social networking sites good for our society?,neutral,how social networking sites affect our society,social networking sites effects society
5,Are social networking sites good for our society?,neutral,what is the debate on social networking sites and society,social networking sites debate society
5,Are social networking sites good for our society?,neutral,what are social impacts of social networking sites,social networking sites social impacts
5,Are social networking sites good for our society?,neutral,how society benefits or suffers from social networking sites,society benefits harms social networking sites
5,Are social networking sites good for our society?,neutral,what is the discussion about social networking sites in society,social networking sites discussion society
5,Are social networking sites good for our society?,neutral,are social networking sites positive or negative for society,social networking sites positive negative society
5,Are social networking sites good for our society?,neutral,what is the impact of social networking sites on society,social networking sites society impact
5,Are social networking sites good for our society?,neutral,are social networking sites good or bad for society,social networking sites good bad
5,Are social networking sites good for our society?,neutral,what is the debate about social networking sites and society,social networking sites society debate
5,Are social networking sites good for our society?,neutral,what are the effects of social networking sites on society,social networking sites effects society
5,Are social networking sites good for our society?,neutral,how do social networking sites influence society,social networking sites influence society
5,Are social networking sites good for our society?,neutral,what are the pros and cons of social networking sites for society,social networking sites pros cons society
5,Are social networking sites good for our society?,neutral,what are opinions on social networking sites in society,social networking sites society opinions
5,Are social networking sites good for our society?,con,why social networking sites are bad for society,social networking sites bad for society
5,Are social networking sites good for our society?,con,what are negative effects of social networking sites,social networking sites negative effects
5,Are social networking sites good for our society?,con,are social networking sites harming society,social networking sites harming society
5,Are social networking sites good for our society?,con,why society should avoid social networking sites,society avoid social networking sites
5,Are social networking sites good for our society?,con,what are disadvantages of social networking sites,social networking sites disadvantages
5,Are social networking sites good for our society?,con,why social networking sites don't help society,social networking sites no benefits society
5,Are social networking sites good for our society?,con,are social networking sites making society worse,social networking sites make society worse
5,Are social networking sites good for our society?,con,why social networking sites are unhealthy for society,social networking sites unhealthy society
5,Are social networking sites good for our society?,con,what are social networking sites cons,social networking sites cons
5,Are social networking sites good for our society?,con,should society reduce use of social networking sites,reduce social networking sites use society
5,Are social networking sites good for our society?,con,why are social networking sites bad,social networking sites bad
5,Are social networking sites good for our society?,con,how do social networking sites harm society,social networking sites harm society
5,Are social networking sites good for our society?,con,what are the negative effects of social networking sites,social networking sites negative effects
5,Are social networking sites good for our society?,con,what are the disadvantages of social networking sites,social networking sites disadvantages
5,Are social networking sites good for our society?,con,what are the cons of social networking sites,social networking sites cons
5,Are social networking sites good for our society?,con,is society worse with social networking sites,society worse with social networking sites
5,Are social networking sites good for our society?,con,what problems do social networking sites cause,problems social networking sites
5,Are social networking sites good for our society?,con,how are social networking sites unhealthy for society,social networking sites unhealthy
5,Are social networking sites good for our society?,con,what are common criticisms of social networking sites,criticisms social networking sites
5,Are social networking sites good for our society?,con,what are the risks of social networking sites,social networking sites risks
6,Should people become vegetarian?,pro,what are vegetarian diet pros,vegetarian diet pros
6,Should people become vegetarian?,pro,why people should be vegetarian,people should be vegetarian
6,Should people become vegetarian?,pro,what are advantages of being vegetarian,advantages being vegetarian
6,Should people become vegetarian?,pro,what are positive effects of going vegetarian,positive effects going vegetarian
6,Should people become vegetarian?,pro,what benefits support becoming vegetarian,benefits supporting becoming vegetarian
6,Should people become vegetarian?,pro,how is vegetarian choice beneficial,vegetarian choice beneficial
6,Should people become vegetarian?,pro,what are benefits of become vegetarian,become vegetarian benefits
6,Should people become vegetarian?,pro,what are pros of a vegetarian diet,vegetarian diet pros
6,Should people become vegetarian?,pro,why support becoming vegetarian,support becoming vegetarian
6,Should people become vegetarian?,pro,what are positive effects of being vegetarian,vegetarian positive effects
6,Should people become vegetarian?,pro,what are reasons to become vegetarian,reasons become vegetarian
6,Should people become vegetarian?,pro,why is becoming vegetarian a good idea,vegetarian good idea
6,Should people become vegetarian?,pro,what benefits come from choosing vegetarian,vegetarian choice benefits
6,Should people become vegetarian?,pro,what is the value of becoming vegetarian,value of becoming vegetarian
6,Should people become vegetarian?,neutral,should people become vegetarian or not,people become vegetarian choice
6,Should people become vegetarian?,neutral,what happens if people become vegetarian,people become vegetarian effects
6,Should people become vegetarian?,neutral,what are pros and cons of becoming vegetarian,becoming vegetarian pros cons
6,Should people become vegetarian?,neutral,what are arguments about becoming vegetarian,becoming vegetarian arguments
6,Should people become vegetarian?,neutral,what are opinions on whether people should become vegetarian,people become vegetarian opinions
6,Should people become vegetarian?,neutral,how becoming vegetarian compares to staying non?vegetarian,vegetarian vs non?vegetarian
6,Should people become vegetarian?,neutral,what is the debate on becoming vegetarian,becoming vegetarian debate
6,Should people become vegetarian?,neutral,should people become vegetarian or not,become vegetarian choice
6,Should people become vegetarian?,neutral,what are pros and cons of becoming vegetarian,become vegetarian pros cons
6,Should people become vegetarian?,neutral,what are effects of becoming vegetarian,become vegetarian effects
6,Should people become vegetarian?,neutral,what is the debate about becoming vegetarian,become vegetarian debate
6,Should people become vegetarian?,neutral,what are differences between becoming vegetarian and not,become vegetarian vs not
6,Should people become vegetarian?,neutral,what are opinions on becoming vegetarian,become vegetarian opinions
6,Should people become vegetarian?,neutral,what is the impact of becoming vegetarian,become vegetarian impact
6,Should people become vegetarian?,con,what are disadvantages of becoming vegetarian,vegetarian disadvantages
6,Should people become vegetarian?,con,why becoming vegetarian is bad,vegetarian bad effects
6,Should people become vegetarian?,con,are there cons to becoming vegetarian,vegetarian cons
6,Should people become vegetarian?,con,why not become vegetarian,reasons against vegetarian
6,Should people become vegetarian?,con,what problems come from being vegetarian,vegetarian problems
6,Should people become vegetarian?,con,what are negative effects of vegetarian diets,vegetarian negative effects
6,Should people become vegetarian?,con,what arguments oppose becoming vegetarian,arguments against vegetarian
6,Should people become vegetarian?,con,what are the cons of becoming vegetarian,vegetarianism cons
6,Should people become vegetarian?,con,what are the disadvantages of a vegetarian diet,vegetarian diet disadvantages
6,Should people become vegetarian?,con,what are the negative effects of becoming vegetarian,vegetarianism negative effects
6,Should people become vegetarian?,con,what problems come with a vegetarian diet,problems with vegetarian diet
6,Should people become vegetarian?,con,what arguments oppose becoming vegetarian,anti vegetarian arguments
6,Should people become vegetarian?,con,what are reasons to not become vegetarian,reasons not vegetarian
6,Should people become vegetarian?,con,what risks come with a vegetarian diet,vegetarian diet risks
6,Should people become vegetarian?,con,what are the drawbacks of becoming vegetarian,vegetarianism drawbacks
7,Is drinking milk healthy for humans?,pro,why drinking milk is healthy,drinking milk healthy
7,Is drinking milk healthy for humans?,pro,is drinking milk good for humans,drinking milk good for humans
7,Is drinking milk healthy for humans?,pro,what are benefits of drinking milk,drinking milk benefits
7,Is drinking milk healthy for humans?,pro,what are advantages of drinking milk,drinking milk advantages
7,Is drinking milk healthy for humans?,pro,why humans should drink milk,humans should drink milk
7,Is drinking milk healthy for humans?,pro,how drinking milk helps health,drinking milk health benefits
7,Is drinking milk healthy for humans?,pro,what positive effects come from drinking milk,drinking milk positive effects
7,Is drinking milk healthy for humans?,pro,what reasons support drinking milk,reasons supporting drinking milk
7,Is drinking milk healthy for humans?,pro,why is drinking milk healthy,drinking milk healthy
7,Is drinking milk healthy for humans?,pro,what are the health benefits of milk,milk health benefits
7,Is drinking milk healthy for humans?,pro,why is milk good for humans,milk good for humans
7,Is drinking milk healthy for humans?,pro,what are the advantages of drinking milk,milk advantages
7,Is drinking milk healthy for humans?,pro,what are the positive effects of drinking milk,milk positive effects
7,Is drinking milk healthy for humans?,pro,why should humans drink milk,support drinking milk
7,Is drinking milk healthy for humans?,pro,what are the health pros of drinking milk,milk health pros
7,Is drinking milk healthy for humans?,pro,is milk a good choice for human health,milk good choice
7,Is drinking milk healthy for humans?,pro,how does milk support human health,milk supports health
7,Is drinking milk healthy for humans?,neutral,why drinking milk may or may not be healthy for humans,drinking milk health debate humans
7,Is drinking milk healthy for humans?,neutral,what are health effects of drinking milk for humans,drinking milk health effects humans
7,Is drinking milk healthy for humans?,neutral,what are pros and cons of drinking milk for humans,drinking milk pros cons humans
7,Is drinking milk healthy for humans?,neutral,what is the discussion about drinking milk and human health,drinking milk human health discussion
7,Is drinking milk healthy for humans?,neutral,what are arguments about drinking milk and human health,drinking milk human health arguments
7,Is drinking milk healthy for humans?,neutral,what is known about drinking milk and health in humans,drinking milk human health info
7,Is drinking milk healthy for humans?,neutral,what are the health effects of milk on humans,milk health effects humans
7,Is drinking milk healthy for humans?,neutral,what are the benefits and risks of drinking milk for humans,milk benefits risks humans
7,Is drinking milk healthy for humans?,neutral,what is the debate about milk and human health,milk human health debate
7,Is drinking milk healthy for humans?,neutral,is milk good or bad for human health,milk good bad humans
7,Is drinking milk healthy for humans?,neutral,what are opinions on milk and human health,milk health opinions
7,Is drinking milk healthy for humans?,neutral,what is the discussion about milk and human health,milk health discussion
7,Is drinking milk healthy for humans?,con,why drinking milk isn't healthy for humans,drinking milk unhealthy humans
7,Is drinking milk healthy for humans?,con,what are the negative effects of drinking milk,drinking milk negative effects
7,Is drinking milk healthy for humans?,con,why humans shouldn't drink milk,humans shouldn't drink milk
7,Is drinking milk healthy for humans?,con,is drinking milk bad for human health,drinking milk bad health
7,Is drinking milk healthy for humans?,con,what are the cons of drinking milk for humans,drinking milk cons humans
7,Is drinking milk healthy for humans?,con,why some people avoid drinking milk for health,avoid drinking milk health
7,Is drinking milk healthy for humans?,con,what health problems come from drinking milk,drinking milk health problems
7,Is drinking milk healthy for humans?,con,why drinking milk may harm humans,drinking milk harm humans
7,Is drinking milk healthy for humans?,con,is drinking milk unsafe for humans,drinking milk unsafe humans
7,Is drinking milk healthy for humans?,con,what are the disadvantages of drinking milk,drinking milk disadvantages
7,Is drinking milk healthy for humans?,con,why is drinking milk unhealthy,milk unhealthy
7,Is drinking milk healthy for humans?,con,what are the health risks of drinking milk,milk health risks
7,Is drinking milk healthy for humans?,con,what are the negative effects of drinking milk,milk negative effects
7,Is drinking milk healthy for humans?,con,how does milk harm health,milk harms health
7,Is drinking milk healthy for humans?,con,why should people avoid drinking milk,avoid drinking milk
7,Is drinking milk healthy for humans?,con,are there disease links to drinking milk,milk disease links
7,Is drinking milk healthy for humans?,con,what are the disadvantages of drinking milk,milk disadvantages
7,Is drinking milk healthy for humans?,con,what are the cons of drinking milk,milk cons
8,Is homework beneficial?,pro,why homework is beneficial,homework beneficial
8,Is homework beneficial?,pro,what are homework benefits,homework benefits
8,Is homework beneficial?,pro,why homework helps students,homework helps students
8,Is homework beneficial?,pro,what makes homework effective,homework effective
8,Is homework beneficial?,pro,what are homework advantages,homework advantages
8,Is homework beneficial?,pro,does homework support education,homework support education
8,Is homework beneficial?,pro,why homework is important,homework important
8,Is homework beneficial?,pro,what are homework benefits,homework benefits
8,Is homework beneficial?,pro,what are homework pros,homework pros
8,Is homework beneficial?,pro,what are positive effects of homework,homework positive effects
8,Is homework beneficial?,pro,what are homework advantages,homework advantages
8,Is homework beneficial?,pro,what support is there for homework,support for homework
8,Is homework beneficial?,pro,why is homework good,homework good
8,Is homework beneficial?,pro,what is the value of homework,homework value
8,Is homework beneficial?,pro,why is homework important,homework importance
8,Is homework beneficial?,pro,how is homework effective,homework effectiveness
8,Is homework beneficial?,neutral,what are the benefits and drawbacks of homework,homework benefits drawbacks
8,Is homework beneficial?,neutral,what do studies say about whether homework is beneficial,homework beneficial studies
8,Is homework beneficial?,neutral,what is the debate over homework being beneficial,homework beneficial debate
8,Is homework beneficial?,neutral,what makes homework beneficial or harmful,homework beneficial harmful
8,Is homework beneficial?,neutral,how do people evaluate if homework is beneficial,homework beneficial evaluation
8,Is homework beneficial?,neutral,what is the purpose of homework,homework purpose
8,Is homework beneficial?,neutral,what are the pros and cons of homework,homework pros cons
8,Is homework beneficial?,neutral,what is the debate about homework,homework debate
8,Is homework beneficial?,con,why homework isn't beneficial,homework not beneficial
8,Is homework beneficial?,con,what are negative effects of homework,homework negative effects
8,Is homework beneficial?,con,what are disadvantages of homework,homework disadvantages
8,Is homework beneficial?,con,why schools should reduce homework,reduce homework
8,Is homework beneficial?,con,should we stop giving homework,stop homework
8,Is homework beneficial?,con,what are homework cons,homework cons
8,Is homework beneficial?,con,is no homework better for students,no homework benefits
8,Is homework beneficial?,con,how does homework harm students,homework harms
8,Is homework beneficial?,con,what are the negative effects of homework,homework negative effects
8,Is homework beneficial?,con,what are the disadvantages of homework,homework disadvantages
8,Is homework beneficial?,con,what are the cons of homework,homework cons
8,Is homework beneficial?,con,why is homework not beneficial,homework not beneficial
8,Is homework beneficial?,con,what are arguments against homework,against homework arguments
8,Is homework beneficial?,con,are there benefits to having no homework,no homework benefits
9,Should intellectual property rights exist?,pro,why intellectual property rights matter,intellectual property rights matter
9,Should intellectual property rights exist?,pro,why we should support intellectual property rights,support intellectual property rights
9,Should intellectual property rights exist?,pro,what are arguments for intellectual property rights,arguments for intellectual property rights
9,Should intellectual property rights exist?,pro,why intellectual property rights should exist,intellectual property rights should exist
9,Should intellectual property rights exist?,pro,what benefits come from intellectual property rights,intellectual property rights benefits
9,Should intellectual property rights exist?,pro,what positive role intellectual property rights play,intellectual property rights positive role
9,Should intellectual property rights exist?,pro,why protecting intellectual property rights is good,protecting intellectual property rights good
9,Should intellectual property rights exist?,pro,what is the value of intellectual property rights,intellectual property rights value
9,Should intellectual property rights exist?,pro,why should we support intellectual property rights,support intellectual property rights
9,Should intellectual property rights exist?,pro,why are intellectual property rights important,intellectual property rights importance
9,Should intellectual property rights exist?,pro,why do we need intellectual property rights,intellectual property rights need
9,Should intellectual property rights exist?,pro,what are the advantages of intellectual property rights,intellectual property rights advantages
9,Should intellectual property rights exist?,pro,what is the purpose of intellectual property rights,intellectual property rights purpose
9,Should intellectual property rights exist?,pro,why are intellectual property rights good,intellectual property rights good
9,Should intellectual property rights exist?,neutral,why people support or oppose intellectual property rights,support oppose intellectual property rights
9,Should intellectual property rights exist?,neutral,should intellectual property rights exist or not,intellectual property rights exist choice
9,Should intellectual property rights exist?,neutral,what are benefits and drawbacks of intellectual property rights,intellectual property rights benefits drawbacks
9,Should intellectual property rights exist?,neutral,what arguments exist about intellectual property rights,intellectual property rights arguments
9,Should intellectual property rights exist?,neutral,how people view intellectual property rights,intellectual property rights views
9,Should intellectual property rights exist?,neutral,what debates surround intellectual property rights,intellectual property rights debates
9,Should intellectual property rights exist?,neutral,what is the debate over intellectual property rights,intellectual property rights debate
9,Should intellectual property rights exist?,neutral,what is the purpose of intellectual property rights,intellectual property rights purpose
9,Should intellectual property rights exist?,neutral,what are the arguments about intellectual property rights,intellectual property rights arguments
9,Should intellectual property rights exist?,neutral,what are the benefits and harms of intellectual property rights,intellectual property rights benefits harms
9,Should intellectual property rights exist?,neutral,what role do intellectual property rights play,intellectual property rights role
9,Should intellectual property rights exist?,con,why intellectual property rights shouldn't exist,intellectual property rights shouldn't exist
9,Should intellectual property rights exist?,con,what are problems with intellectual property rights,intellectual property rights problems
9,Should intellectual property rights exist?,con,why do people oppose intellectual property rights,oppose intellectual property rights
9,Should intellectual property rights exist?,con,are intellectual property rights harmful,intellectual property rights harmful
9,Should intellectual property rights exist?,con,what are downsides of intellectual property rights,intellectual property rights downsides
9,Should intellectual property rights exist?,con,why we don't need intellectual property rights,don't need intellectual property rights
9,Should intellectual property rights exist?,con,how do intellectual property rights cause harm,intellectual property rights harm
9,Should intellectual property rights exist?,con,why should we end intellectual property rights,end intellectual property rights
9,Should intellectual property rights exist?,con,why are intellectual property rights unnecessary,intellectual property rights unnecessary
9,Should intellectual property rights exist?,con,what are benefits of having no intellectual property rights,no intellectual property rights benefits
9,Should intellectual property rights exist?,con,what problems come from intellectual property rights,intellectual property rights problems
9,Should intellectual property rights exist?,con,what issues are caused by intellectual property rights,intellectual property rights issues
9,Should intellectual property rights exist?,con,what criticism exists of intellectual property rights,intellectual property rights criticism
10,Should students have to wear school uniforms?,pro,how school uniforms help students,school uniforms help students
10,Should students have to wear school uniforms?,pro,why school uniforms are good,school uniforms good
10,Should students have to wear school uniforms?,pro,what are benefits of school uniforms,school uniforms benefits
10,Should students have to wear school uniforms?,pro,what positives come from school uniforms,school uniforms positives
10,Should students have to wear school uniforms?,pro,why having school uniforms makes sense,school uniforms make sense
10,Should students have to wear school uniforms?,pro,why students wearing uniforms is helpful,students wearing uniforms helpful
10,Should students have to wear school uniforms?,pro,what advantages school uniforms give,school uniforms advantages
10,Should students have to wear school uniforms?,pro,why support school uniforms,school uniforms support
10,Should students have to wear school uniforms?,pro,why are school uniforms good,school uniforms good
10,Should students have to wear school uniforms?,pro,how do school uniforms help students,school uniforms help students
10,Should students have to wear school uniforms?,pro,what are school uniforms benefits,school uniforms benefits
10,Should students have to wear school uniforms?,pro,what are school uniforms advantages,school uniforms advantages
10,Should students have to wear school uniforms?,pro,what are positive effects of school uniforms,school uniforms positive effects
10,Should students have to wear school uniforms?,pro,what are the benefits of students wearing uniforms,students wearing uniforms benefits
10,Should students have to wear school uniforms?,pro,why require school uniforms,require school uniforms
10,Should students have to wear school uniforms?,neutral,what is the debate about students wearing school uniforms,students wear school uniforms debate
10,Should students have to wear school uniforms?,neutral,what are arguments for and against school uniforms,school uniforms arguments for against
10,Should students have to wear school uniforms?,neutral,what happens when students wear school uniforms,school uniforms effects
10,Should students have to wear school uniforms?,neutral,what are common views on school uniforms,school uniforms views
10,Should students have to wear school uniforms?,neutral,how people feel about students wearing school uniforms,school uniforms opinions
10,Should students have to wear school uniforms?,neutral,what are pros and cons of students wearing school uniforms,students school uniforms pros cons
10,Should students have to wear school uniforms?,neutral,why schools require or drop school uniforms,schools require drop school uniforms
10,Should students have to wear school uniforms?,neutral,what is the purpose of having school uniforms,school uniforms purpose
10,Should students have to wear school uniforms?,neutral,what is the debate about students having to wear school uniforms,students wear school uniforms debate
10,Should students have to wear school uniforms?,neutral,what is the purpose of school uniforms,school uniforms purpose
10,Should students have to wear school uniforms?,neutral,what are the pros and cons of school uniforms,school uniforms pros cons
10,Should students have to wear school uniforms?,neutral,how do school uniforms impact students,school uniforms impact students
10,Should students have to wear school uniforms?,neutral,why are school uniforms made mandatory,mandatory school uniforms reasons
10,Should students have to wear school uniforms?,neutral,what are the arguments for and against school uniforms,school uniforms arguments
10,Should students have to wear school uniforms?,neutral,are school uniforms necessary for students,school uniforms necessity
10,Should students have to wear school uniforms?,con,what are arguments against school uniforms,school uniforms arguments against
10,Should students have to wear school uniforms?,con,why school uniforms are a bad idea,school uniforms bad idea
10,Should students have to wear school uniforms?,con,what problems come from school uniforms,school uniforms problems
10,Should students have to wear school uniforms?,con,why schools should drop uniforms,schools drop uniforms
10,Should students have to wear school uniforms?,con,what are downsides of making students wear uniforms,students wear uniforms downsides
10,Should students have to wear school uniforms?,con,why forcing school uniforms doesn't help students,forcing school uniforms not help
10,Should students have to wear school uniforms?,con,what concerns do people have about school uniforms,school uniforms concerns
10,Should students have to wear school uniforms?,con,why are school uniforms unnecessary,school uniforms unnecessary
10,Should students have to wear school uniforms?,con,why are school uniforms a bad idea,school uniforms bad idea
10,Should students have to wear school uniforms?,con,why do people oppose school uniforms,oppose school uniforms
10,Should students have to wear school uniforms?,con,what problems do school uniforms cause,school uniforms problems
10,Should students have to wear school uniforms?,con,what are disadvantages of school uniforms,school uniforms disadvantages
10,Should students have to wear school uniforms?,con,what are school uniform cons,school uniforms cons
10,Should students have to wear school uniforms?,con,what are benefits of having no school uniforms,no school uniforms benefits
10,Should students have to wear school uniforms?,con,why should school uniforms not be required,school uniforms not required
11,Should one be an atheist?,pro,why be an atheist,be atheist reasons
11,Should one be an atheist?,pro,what are atheism benefits,atheism benefits
11,Should one be an atheist?,pro,why atheism makes sense,atheism makes sense
11,Should one be an atheist?,pro,why choose atheism,choose atheism
11,Should one be an atheist?,pro,is atheism reasonable,atheism reasonable
11,Should one be an atheist?,pro,why adopt an atheist view,adopt atheist view
11,Should one be an atheist?,pro,what are positive effects of atheism,atheism positive effects
11,Should one be an atheist?,pro,what arguments support being an atheist,arguments supporting atheism
11,Should one be an atheist?,pro,what are atheism benefits,atheism benefits
11,Should one be an atheist?,pro,what are atheism advantages,atheism advantages
11,Should one be an atheist?,pro,why be an atheist,reasons be atheist
11,Should one be an atheist?,pro,why support atheism,support atheism
11,Should one be an atheist?,pro,what are positive effects of atheism,atheism positive effects
11,Should one be an atheist?,pro,what is the value of atheism,value atheism
11,Should one be an atheist?,pro,why is atheism a good choice,atheism good choice
11,Should one be an atheist?,pro,what are atheism pros,atheism pros
11,Should one be an atheist?,pro,why choose atheism,choose atheism
11,Should one be an atheist?,pro,what are arguments for atheism,arguments for atheism
11,Should one be an atheist?,neutral,should one be an atheist or not,be an atheist choice
11,Should one be an atheist?,neutral,why people choose atheism or belief,people choose atheism belief
11,Should one be an atheist?,neutral,what are pros and cons of being an atheist,atheist pros cons
11,Should one be an atheist?,neutral,what are views on being an atheist,being an atheist views
11,Should one be an atheist?,neutral,what are effects of being an atheist,atheist effects
11,Should one be an atheist?,neutral,how people decide whether to be an atheist,decide be atheist
11,Should one be an atheist?,neutral,what is the debate about being an atheist,being an atheist debate
11,Should one be an atheist?,neutral,what are arguments about being an atheist,being an atheist arguments
11,Should one be an atheist?,neutral,should one be an atheist or not,be atheist choice
11,Should one be an atheist?,neutral,what are differences between being an atheist and being a believer,atheist vs believer
11,Should one be an atheist?,neutral,what are the pros and cons of atheism,atheism pros cons
11,Should one be an atheist?,neutral,what are common arguments about atheism,atheism arguments
11,Should one be an atheist?,neutral,what are the main beliefs associated with atheism,atheism beliefs overview
11,Should one be an atheist?,neutral,what is the general discussion around atheism,atheism discussion
11,Should one be an atheist?,neutral,what are public opinions on atheism,atheism opinions
11,Should one be an atheist?,neutral,what factors influence choosing atheism,atheism choice factors
11,Should one be an atheist?,con,what are disadvantages of being an atheist,atheism disadvantages
11,Should one be an atheist?,con,why atheism doesn't make sense to some people,atheism doesn't make sense
11,Should one be an atheist?,con,what are atheism cons,atheism cons
11,Should one be an atheist?,con,why people avoid atheism,avoid atheism reasons
11,Should one be an atheist?,con,what are negative effects of atheism,atheism negative effects
11,Should one be an atheist?,con,why some prefer not being atheist,not being atheist reasons
11,Should one be an atheist?,con,is atheism too limiting,atheism limitations
11,Should one be an atheist?,con,what are the cons of atheism,atheism cons
11,Should one be an atheist?,con,what are the disadvantages of being an atheist,atheism disadvantages
11,Should one be an atheist?,con,what are the problems with atheism,problems with atheism
11,Should one be an atheist?,con,what negative effects does atheism have,atheism negative effects
11,Should one be an atheist?,con,what are reasons not to be an atheist,reasons not atheist
11,Should one be an atheist?,con,what are common criticisms of atheism,criticisms of atheism
11,Should one be an atheist?,con,what views argue against atheism,against atheism views
11,Should one be an atheist?,con,what are the risks of being an atheist,atheism risks
11,Should one be an atheist?,con,what are the drawbacks of atheism,atheism drawbacks
