at3,,,,,,,
method,pro_question_queries,pro_keyword_queries,neutral_question_queries,neutral_keyword_queries,con_question_queries,con_keyword_queries,all_mean
BM25 with stopword removal,0.386,0.419,0.274,0.307,0.395,0.391,0.362
BM25 without stopword removal,0.385,0.434,0.275,0.282,0.433,0.384,0.366
SPLADE-v3,0.536,0.500,0.323,0.299,0.665,0.630,0.492
e5-base-v2,0.559,0.512,0.308,0.270,0.634,0.650,0.489
bge-large-en-v1.5,0.529,0.520,0.287,0.282,0.586,0.604,0.468
ColBERT-v2,0.507,0.461,0.317,0.289,0.524,0.582,0.447
bge-reranker-v2-m3,0.533,0.477,0.307,0.314,0.604,0.621,0.476
Qwen3-Reranker-4B,0.574,0.573,0.320,0.329,0.562,0.596,0.492
rank1-7b,0.746,0.765,0.290,0.325,0.777,0.810,0.619
Listwise (Llama-3.1-8B-Instruct),0.659,0.623,0.257,0.245,0.683,0.656,0.521
Setwise (Llama-3.1-8B-Instruct),0.713,0.653,0.292,0.230,0.589,0.452,0.488
,,,,,,,
at5,,,,,,,
method,pro_question_queries,pro_keyword_queries,neutral_question_queries,neutral_keyword_queries,con_question_queries,con_keyword_queries,all_mean
BM25 with stopword removal,0.384,0.401,0.258,0.283,0.377,0.372,0.346
BM25 without stopword removal,0.398,0.453,0.267,0.254,0.421,0.385,0.363
SPLADE-v3,0.511,0.459,0.288,0.282,0.630,0.625,0.466
e5-base-v2,0.529,0.496,0.282,0.260,0.592,0.622,0.463
bge-large-en-v1.5,0.507,0.492,0.274,0.280,0.552,0.585,0.448
ColBERT-v2,0.501,0.444,0.289,0.279,0.529,0.572,0.436
bge-reranker-v2-m3,0.514,0.480,0.288,0.305,0.601,0.630,0.470
Qwen3-Reranker-4B,0.556,0.557,0.301,0.309,0.570,0.588,0.480
rank1-7b,0.737,0.740,0.269,0.309,0.771,0.801,0.605
Listwise (Llama-3.1-8B-Instruct),0.673,0.628,0.252,0.240,0.676,0.653,0.520
Setwise (Llama-3.1-8B-Instruct),0.678,0.634,0.270,0.221,0.577,0.452,0.472
,,,,,,,
at10,,,,,,,
method,pro_question_queries,pro_keyword_queries,neutral_question_queries,neutral_keyword_queries,con_question_queries,con_keyword_queries,all_mean
BM25 with stopword removal,0.392,0.414,0.268,0.259,0.380,0.379,0.349
BM25 without stopword removal,0.401,0.436,0.281,0.253,0.407,0.374,0.359
SPLADE-v3,0.494,0.461,0.255,0.253,0.594,0.579,0.439
e5-base-v2,0.482,0.462,0.268,0.254,0.555,0.576,0.433
bge-large-en-v1.5,0.487,0.453,0.256,0.264,0.532,0.560,0.425
ColBERT-v2,0.474,0.436,0.274,0.260,0.492,0.541,0.413
bge-reranker-v2-m3,0.488,0.452,0.278,0.295,0.569,0.598,0.447
Qwen3-Reranker-4B,0.530,0.519,0.298,0.300,0.540,0.562,0.458
rank1-7b,0.713,0.694,0.261,0.290,0.756,0.775,0.581
Listwise (Llama-3.1-8B-Instruct),0.606,0.581,0.258,0.242,0.592,0.575,0.476
Setwise (Llama-3.1-8B-Instruct),0.641,0.591,0.256,0.230,0.553,0.427,0.450
